id,name,category,description,sku,weight_or_size,packaging,nutrition,ingredients,image_thumbnail,product_url,innovative_flag
241,Feta White Cheese - Full Fat 200g,Dairy (Milk and Cheese),Not extracted at detail-page level for full catalog (see sample detail extraction for products/284),,200g,,Not publicly available (not shown on product detail pages crawled),Not publicly available (not shown on product detail pages crawled),/sites/default/files/styles/item_sm/public/2024-06/Feta%20200g%20-2-%20FF%20Eyad.png,/index.php/en/products/241,False
243,Feta White Cheese - Low Fat 200g,Dairy (Milk and Cheese),Not extracted at detail-page level for full catalog (see sample detail extraction for products/284),,200g,,Not publicly available (not shown on product detail pages crawled),Not publicly available (not shown on product detail pages crawled),/sites/default/files/styles/item_sm/public/2024-06/Feta%20200g%20-2-%20LF%20Eyad.png,/index.php/en/products/243,False
242,Feta White Cheese - Low Fat 450g,Dairy (Milk and Cheese),Not extracted at detail-page level for full catalog (see sample detail extraction for products/284),,450g,,Not publicly available (not shown on product detail pages crawled),Not publicly available (not shown on product detail pages crawled),/sites/default/files/styles/item_sm/public/2024-06/Feta%20450g%20LF%20-%20Eyad.png,/index.php/en/products/242,False
233,Ayran Laban Drink 1.75L,Dairy (Milk and Cheese),Not extracted at detail-page level for full catalog (see sample detail extraction for products/284),,1.75L,,Not publicly available (not shown on product detail pages crawled),Not publicly available (not shown on product detail pages crawled),/sites/default/files/styles/item_sm/public/2024-06/Ayran%201.75L%20-%20AR%20Eyad.png,/index.php/en/products/233,True
268,Burger Cheese Slices 200g,Dairy (Milk and Cheese),Not extracted at detail-page level for full catalog (see sample detail extraction for products/284),,200g,,Not publicly available (not shown on product detail pages crawled),Not publicly available (not shown on product detail pages crawled),/sites/default/files/styles/item_sm/public/2024-06/Burger%20200g%20-%20Eyad.png,/index.php/en/products/268,False
265,Burger Cheese Slices 400g,Dairy (Milk and Cheese),Not extracted at detail-page level for full catalog (see sample detail extraction for products/284),,400g,,Not publicly available (not shown on product detail pages crawled),Not publicly available (not shown on product detail pages crawled),/sites/default/files/styles/item_sm/public/2024-06/Burger%20400g%20-%20Eyad.png,/index.php/en/products/265,False
319,Cheddar Cheese 500g,Dairy (Milk and Cheese),Not extracted at detail-page level for full catalog (see sample detail extraction for products/284),,500g,,Not publicly available (not shown on product detail pages crawled),Not publicly available (not shown on product detail pages crawled),/sites/default/files/styles/item_sm/public/2024-06/jar%20-%20500%20-%20CHEDDAR%20-%20Eyad.png,/index.php/en/products/319,False
273,Cooking Cream 125ml,Dairy (Milk and Cheese),Not extracted at detail-page level for full catalog (see sample detail extraction for products/284),,125ml,,Not publicly available (not shown on product detail pages crawled),Not publicly available (not shown on product detail pages crawled),/sites/default/files/styles/item_sm/public/2024-06/Cooking%20Cream%20Ar%202-%20120ml%20-%20Eyad%20.png,/index.php/en/products/273,False
271,Cooking Cream 1L,Dairy (Milk and Cheese),Not extracted at detail-page level for full catalog (see sample detail extraction for products/284),,1L,,Not publicly available (not shown on product detail pages crawled),Not publicly available (not shown on product detail pages crawled),/sites/default/files/styles/item_sm/public/2024-06/Cooking%20Cream%20Ar%20-%20Eyad_1.png,/index.php/en/products/271,False
272,Cooking Cream 500ml,Dairy (Milk and Cheese),Not extracted at detail-page level for full catalog (see sample detail extraction for products/284),,500ml,,Not publicly available (not shown on product detail pages crawled),Not publicly available (not shown on product detail pages crawled),/sites/default/files/styles/item_sm/public/2024-06/Cooking%20Cream%20500%20ml%20-%20Front-%20Eyad.png,/index.php/en/products/272,False
318,Cream Cheese 140g,Dairy (Milk and Cheese),Not extracted at detail-page level for full catalog (see sample detail extraction for products/284),,140g,,Not publicly available (not shown on product detail pages crawled),Not publicly available (not shown on product detail pages crawled),/sites/default/files/styles/item_sm/public/2024-06/Jar%20-%20140%20-%20Cream%20-%20Eyad.png,/index.php/en/products/318,False
240,Feta White Cheese - Full Fat 450g,Dairy (Milk and Cheese),Not extracted at detail-page level for full catalog (see sample detail extraction for products/284),,450g,,Not publicly available (not shown on product detail pages crawled),Not publicly available (not shown on product detail pages crawled),/sites/default/files/styles/item_sm/public/2024-06/Feta%20450g%20FF%20-%20Eyad.png,/index.php/en/products/240,False
230,Flavored Laban Mango 340ml,Dairy (Milk and Cheese),Not extracted at detail-page level for full catalog (see sample detail extraction for products/284),,340ml,,Not publicly available (not shown on product detail pages crawled),Not publicly available (not shown on product detail pages crawled),/sites/default/files/styles/item_sm/public/2024-06/Mango%20Flavored%20340ml%20-%20Eyad.png,/en/products/230,False
221,Fresh Laban Full Fat 1.75L,Dairy (Milk and Cheese),Not extracted at detail-page level for full catalog (see sample detail extraction for products/284),,1.75L,,Not publicly available (not shown on product detail pages crawled),Not publicly available (not shown on product detail pages crawled),/sites/default/files/styles/item_sm/public/2024-06/Laban%201.75L%20FF%20-%20Ar%20-%20Eyad%20copy.png,/en/products/221,False
222,Fresh Laban Full Fat 800ml,Dairy (Milk and Cheese),Not extracted at detail-page level for full catalog (see sample detail extraction for products/284),,800ml,,Not publicly available (not shown on product detail pages crawled),Not publicly available (not shown on product detail pages crawled),/sites/default/files/styles/item_sm/public/2024-06/DSC_8055.png,/en/products/222,False
145,Fresh Milk Full Fat 2.85L,Dairy (Milk and Cheese),Not extracted at detail-page level for full catalog (see sample detail extraction for products/284),,2.85L,,Not publicly available (not shown on product detail pages crawled),Not publicly available (not shown on product detail pages crawled),/sites/default/files/styles/item_sm/public/2024-06/2.85%20litre%20milk.png,/index.php/en/products/145,False
245,Full Fat Feta White Cheese 250g,Dairy (Milk and Cheese),Not extracted at detail-page level for full catalog (see sample detail extraction for products/284),,250g,,Not publicly available (not shown on product detail pages crawled),Not publicly available (not shown on product detail pages crawled),/sites/default/files/styles/item_sm/public/2024-06/Feta%20250g%20-%20AR%20Eyad_0.png,/en/products/245,False
166,Greek Yoghurt Plain 160g,Dairy (Milk and Cheese),Not extracted at detail-page level for full catalog (see sample detail extraction for products/284),,160g,,Not publicly available (not shown on product detail pages crawled),Not publicly available (not shown on product detail pages crawled),/sites/default/files/styles/item_sm/public/2024-06/Plain%2019-01-2023.png,/en/products/166,True
247,Halloumi Cheese 215g,Dairy (Milk and Cheese),Not extracted at detail-page level for full catalog (see sample detail extraction for products/284),,215g,,Not publicly available (not shown on product detail pages crawled),Not publicly available (not shown on product detail pages crawled),/sites/default/files/styles/item_sm/public/2024-06/%D8%AC%D8%A8%D9%86%D8%A9%20%D8%AD%D9%84%D9%88%D9%85%D9%8A%20215%20%D8%BA.png,/en/products/247,False
267,Low Fat Cheese Slices 200g,Dairy (Milk and Cheese),Not extracted at detail-page level for full catalog (see sample detail extraction for products/284),,200g,,Not publicly available (not shown on product detail pages crawled),Not publicly available (not shown on product detail pages crawled),/sites/default/files/styles/item_sm/public/2024-06/Low%20Fat%20200g%20-%20Eyad.png,/en/products/267,False
264,Low Fat Cheese Slices 400g,Dairy (Milk and Cheese),Not extracted at detail-page level for full catalog (see sample detail extraction for products/284),,400g,,Not publicly available (not shown on product detail pages crawled),Not publicly available (not shown on product detail pages crawled),/sites/default/files/styles/item_sm/public/2024-06/Low%20Fat%20400g%20-%20Eyad.png,/en/products/264,False
260,Mozzarella Cheese 200g,Dairy (Milk and Cheese),Not extracted at detail-page level for full catalog (see sample detail extraction for products/284),,200g,,Not publicly available (not shown on product detail pages crawled),Not publicly available (not shown on product detail pages crawled),/sites/default/files/styles/item_sm/public/2024-06/Mozzarella%20200g%20-%20Eyad.png,/en/products/260,False
259,Mozzarella Cheese 500g,Dairy (Milk and Cheese),Not extracted at detail-page level for full catalog (see sample detail extraction for products/284),,500g,,Not publicly available (not shown on product detail pages crawled),Not publicly available (not shown on product detail pages crawled),/sites/default/files/styles/item_sm/public/2024-06/Mozzarella%20500g%20-%20Eyad_0.png,/index.php/en/products/259,False
263,Sandwich Cheese Slices 200g,Dairy (Milk and Cheese),Not extracted at detail-page level for full catalog (see sample detail extraction for products/284),,200g,,Not publicly available (not shown on product detail pages crawled),Not publicly available (not shown on product detail pages crawled),/sites/default/files/styles/item_sm/public/2024-06/Sandwich%20200g%20-%20Eyad.png,/en/products/263,False
262,Sandwich Cheese Slices 400g,Dairy (Milk and Cheese),Not extracted at detail-page level for full catalog (see sample detail extraction for products/284),,400g,,Not publicly available (not shown on product detail pages crawled),Not publicly available (not shown on product detail pages crawled),/sites/default/files/styles/item_sm/public/2024-06/Sandwich%20400g%20-%20Eyad_0.png,/en/products/262,False
274,Whipping Cream 1L,Dairy (Milk and Cheese),Not extracted at detail-page level for full catalog (see sample detail extraction for products/284),,1L,,Not publicly available (not shown on product detail pages crawled),Not publicly available (not shown on product detail pages crawled),/sites/default/files/styles/item_sm/public/2024-06/Whipping%20Cream%20-%20Eyad.png,/index.php/en/products/274,False
235,Ayran Laban Drink 180ml,Dairy (Milk and Cheese),Not extracted at detail-page level for full catalog (see sample detail extraction for products/284),,180ml,,Not publicly available (not shown on product detail pages crawled),Not publicly available (not shown on product detail pages crawled),/sites/default/files/styles/item_sm/public/2024-06/6281057005611_0.png,/en/products/235,True
321,Cheddar Cheese 140g,Dairy (Milk and Cheese),Not extracted at detail-page level for full catalog (see sample detail extraction for products/284),,140g,,Not publicly available (not shown on product detail pages crawled),Not publicly available (not shown on product detail pages crawled),/sites/default/files/styles/item_sm/public/2024-06/Jar%20-%20140%20-%20CHEDDAR%20-%20Eyad%20.png,/en/products/321,False
320,Cheddar Cheese 240g,Dairy (Milk and Cheese),Not extracted at detail-page level for full catalog (see sample detail extraction for products/284),,240g,,Not publicly available (not shown on product detail pages crawled),Not publicly available (not shown on product detail pages crawled),/sites/default/files/styles/item_sm/public/2024-06/Jar%20-%20240%20-%20CHEDDAR%20-%20Eyad.png,/en/products/320,False
51,Chocolate Flavoured Long Life Milk 185ml,Dairy (Milk and Cheese),Not extracted at detail-page level for full catalog (see sample detail extraction for products/284),,185ml,,Not publicly available (not shown on product detail pages crawled),Not publicly available (not shown on product detail pages crawled),/sites/default/files/styles/item_sm/public/2025-02/FLV%20UHT%20185ml%20Chocolate%20Milk.png,/index.php/en/products/51,False
315,Cream Cheese 900g,Dairy (Milk and Cheese),Not extracted at detail-page level for full catalog (see sample detail extraction for products/284),,900g,,Not publicly available (not shown on product detail pages crawled),Not publicly available (not shown on product detail pages crawled),/sites/default/files/styles/item_sm/public/2024-06/Jar%20-%20910%20-%20Cream%20-%20Eyad_0.png,/en/products/315,False
219,Fresh Cream Lite 100g,Dairy (Milk and Cheese),Not extracted at detail-page level for full catalog (see sample detail extraction for products/284),,100g,,Not publicly available (not shown on product detail pages crawled),Not publicly available (not shown on product detail pages crawled),/sites/default/files/styles/item_sm/public/2024-06/Fresh%20Cream%20100g%20LITE%20-%20Eyad.png,/index.php/en/products/219,False
227,Fresh Laban Low Fat 1.75L,Dairy (Milk and Cheese),Not extracted at detail-page level for full catalog (see sample detail extraction for products/284),,1.75L,,Not publicly available (not shown on product detail pages crawled),Not publicly available (not shown on product detail pages crawled),/sites/default/files/styles/item_sm/public/2024-06/Laban%201.75L%20LF%20-%20Ar%20-%20Eyad.png,/en/products/227,False
147,Fresh Milk Full Fat 800ML,Dairy (Milk and Cheese),Not extracted at detail-page level for full catalog (see sample detail extraction for products/284),,800ML,,Not publicly available (not shown on product detail pages crawled),Not publicly available (not shown on product detail pages crawled),/sites/default/files/styles/item_sm/public/2024-06/Milk%20800ml%20Full%20Fat%20Arabic.png,/index.php/en/products/147,False
183,Full Fat Milk 125ML,Dairy (Milk and Cheese),Not extracted at detail-page level for full catalog (see sample detail extraction for products/284),,125ML,,Not publicly available (not shown on product detail pages crawled),Not publicly available (not shown on product detail pages crawled),/sites/default/files/styles/item_sm/public/2025-02/Plain%20Milk%20125ml_Ar.png,/index.php/en/products/183,False
68,Full Fat Milk 1L,Dairy (Milk and Cheese),Not extracted at detail-page level for full catalog (see sample detail extraction for products/284),,1L,,Not publicly available (not shown on product detail pages crawled),Not publicly available (not shown on product detail pages crawled),/sites/default/files/styles/item_sm/public/2026-04/1L%20FF%20UHT%20Milk%20%281%29.png,/index.php/en/products/68,False
182,Full Fat Milk 200ML,Dairy (Milk and Cheese),Not extracted at detail-page level for full catalog (see sample detail extraction for products/284),,200ML,,Not publicly available (not shown on product detail pages crawled),Not publicly available (not shown on product detail pages crawled),/sites/default/files/styles/item_sm/public/2025-02/UHT%20200ml%20AR%20FF%20Front%20-%20Eyad.png,/index.php/en/products/182,False
167,Greek Yoghurt Plain Low Fat 160g,Dairy (Milk and Cheese),Not extracted at detail-page level for full catalog (see sample detail extraction for products/284),,160g,,Not publicly available (not shown on product detail pages crawled),Not publicly available (not shown on product detail pages crawled),/sites/default/files/styles/item_sm/public/2024-06/Plain%20LF%2014-06-2023%20-%20Eyad.png,/en/products/167,True
133,Lactose Free Full Fat Long Life Milk 1L,Dairy (Milk and Cheese),Not extracted at detail-page level for full catalog (see sample detail extraction for products/284),,1L,,Not publicly available (not shown on product detail pages crawled),Not publicly available (not shown on product detail pages crawled),/sites/default/files/styles/item_sm/public/2024-06/LactoFree%20FF%201%20Liter%20HeliCap%20-%20Eyad%20%281%29.png,/index.php/en/products/133,False
69,Low Fat Milk 1L,Dairy (Milk and Cheese),Not extracted at detail-page level for full catalog (see sample detail extraction for products/284),,1L,,Not publicly available (not shown on product detail pages crawled),Not publicly available (not shown on product detail pages crawled),/sites/default/files/styles/item_sm/public/2025-02/UHT%20Milk%20LF%201%20L-%20AR%20-%202024%20Eyad.png,/index.php/en/products/69,False
199,Low Fat Milk 200ML,Dairy (Milk and Cheese),Not extracted at detail-page level for full catalog (see sample detail extraction for products/284),,200ML,,Not publicly available (not shown on product detail pages crawled),Not publicly available (not shown on product detail pages crawled),/sites/default/files/styles/item_sm/public/2025-02/UHT%20200ml%20AR%20LF%20Front%20-%20Eyad.png,/index.php/en/products/199,False
518,Al Hilal Double Chocolate Flavoured Long Life Milk 185ml,Dairy (Milk and Cheese),Not extracted at detail-page level for full catalog (see sample detail extraction for products/284),,185ml,,Not publicly available (not shown on product detail pages crawled),Not publicly available (not shown on product detail pages crawled),/sites/default/files/styles/item_sm/public/2025-05/Double%20Chocolate%20Milk.png,/en/products/518,False
520,Al Hilal Full Fat Long Life Milk 185ml,Dairy (Milk and Cheese),Not extracted at detail-page level for full catalog (see sample detail extraction for products/284),,185ml,,Not publicly available (not shown on product detail pages crawled),Not publicly available (not shown on product detail pages crawled),/sites/default/files/styles/item_sm/public/2025-05/UHT%20Plain%20Milk.png,/en/products/520,False
519,Al Hilal Strawberry Flavoured Long Life Milk 185ml,Dairy (Milk and Cheese),Not extracted at detail-page level for full catalog (see sample detail extraction for products/284),,185ml,,Not publicly available (not shown on product detail pages crawled),Not publicly available (not shown on product detail pages crawled),/sites/default/files/styles/item_sm/public/2025-05/UHT%20Strawberry%20Milk.png,/en/products/519,False
244,Analogue Full Fat Feta White Cheese 500g,Dairy (Milk and Cheese),Not extracted at detail-page level for full catalog (see sample detail extraction for products/284),,500g,,Not publicly available (not shown on product detail pages crawled),Not publicly available (not shown on product detail pages crawled),/sites/default/files/styles/item_sm/public/2024-06/Feta%20500g%20-%20AR%20Eyad.png,/en/products/244,False
234,Ayran Laban Drink 225ml,Dairy (Milk and Cheese),Not extracted at detail-page level for full catalog (see sample detail extraction for products/284),,225ml,,Not publicly available (not shown on product detail pages crawled),Not publicly available (not shown on product detail pages crawled),/sites/default/files/styles/item_sm/public/2024-06/6281057004133.png,/en/products/234,True
278,Banana Dessert 75g,Dairy (Milk and Cheese),Not extracted at detail-page level for full catalog (see sample detail extraction for products/284),,75g,,Not publicly available (not shown on product detail pages crawled),Not publicly available (not shown on product detail pages crawled),/sites/default/files/styles/item_sm/public/2025-02/Pudding_Bannana%201.png,/index.php/en/products/278,False
353,Butter Analogue Unsalted 1kg,Dairy (Milk and Cheese),Not extracted at detail-page level for full catalog (see sample detail extraction for products/284),,1kg,,Not publicly available (not shown on product detail pages crawled),Not publicly available (not shown on product detail pages crawled),/sites/default/files/styles/item_sm/public/2024-06/Butter%201k%20-2-%20Eyad.png,/en/products/353,False
348,Butter Analogue Unsalted 500g,Dairy (Milk and Cheese),Not extracted at detail-page level for full catalog (see sample detail extraction for products/284),,500g,,Not publicly available (not shown on product detail pages crawled),Not publicly available (not shown on product detail pages crawled),/sites/default/files/styles/item_sm/public/2024-06/Butter%20500g%20-2-%20Eyad.png,/en/products/348,False
269,Cheddar Cheese Slices 200g,Dairy (Milk and Cheese),Not extracted at detail-page level for full catalog (see sample detail extraction for products/284),,200g,,Not publicly available (not shown on product detail pages crawled),Not publicly available (not shown on product detail pages crawled),/sites/default/files/styles/item_sm/public/2024-06/Cheddar%20200g%20-%20Eyad.png,/en/products/269,False
266,Cheddar Cheese Slices 400g,Dairy (Milk and Cheese),Not extracted at detail-page level for full catalog (see sample detail extraction for products/284),,400g,,Not publicly available (not shown on product detail pages crawled),Not publicly available (not shown on product detail pages crawled),/sites/default/files/styles/item_sm/public/2024-06/Cheddar%20400g%20-%20Eyad_0.png,/en/products/266,False
515,Chocolate Coconut Flavored Milk 225ml,Dairy (Milk and Cheese),Not extracted at detail-page level for full catalog (see sample detail extraction for products/284),,225ml,,Not publicly available (not shown on product detail pages crawled),Not publicly available (not shown on product detail pages crawled),/sites/default/files/styles/item_sm/public/2025-05/Chocolate%20Coconut%20225ml%20AR%20-%20Eyad%201_0.png,/en/products/515,True
123,Chocolate Flavored Long Life Milk 125ml,Dairy (Milk and Cheese),Not extracted at detail-page level for full catalog (see sample detail extraction for products/284),,125ml,,Not publicly available (not shown on product detail pages crawled),Not publicly available (not shown on product detail pages crawled),/sites/default/files/styles/item_sm/public/2025-02/FLV%20Milk%20125ml_Chocolate_Ar.png,/en/products/123,False
475,Cotton Candy Dessert 75g,Dairy (Milk and Cheese),Not extracted at detail-page level for full catalog (see sample detail extraction for products/284),,75g,,Not publicly available (not shown on product detail pages crawled),Not publicly available (not shown on product detail pages crawled),/sites/default/files/styles/item_sm/public/2025-02/Pudding_Cotton%20Candy%201.png,/index.php/en/products/475,False
481,Cotton Candy Milk 125ml,Dairy (Milk and Cheese),Not extracted at detail-page level for full catalog (see sample detail extraction for products/284),,125ml,,Not publicly available (not shown on product detail pages crawled),Not publicly available (not shown on product detail pages crawled),/sites/default/files/styles/item_sm/public/2025-02/FLV%20Milk%20125ml_Cotton%20Candy_Ar.png,/index.php/en/products/481,False
317,Cream Cheese 240g,Dairy (Milk and Cheese),Not extracted at detail-page level for full catalog (see sample detail extraction for products/284),,240g,,Not publicly available (not shown on product detail pages crawled),Not publicly available (not shown on product detail pages crawled),/sites/default/files/styles/item_sm/public/2024-06/Jar%20-%20240%20-%20Cream%20-%20Eyad.png,/en/products/317,False
316,Cream Cheese 500g,Dairy (Milk and Cheese),Not extracted at detail-page level for full catalog (see sample detail extraction for products/284),,500g,,Not publicly available (not shown on product detail pages crawled),Not publicly available (not shown on product detail pages crawled),/sites/default/files/styles/item_sm/public/2024-06/jar%20-%20500%20-%20Cream%20-%20Eyad.png,/en/products/316,False
161,Dates Milk 225ml,Dairy (Milk and Cheese),Not extracted at detail-page level for full catalog (see sample detail extraction for products/284),,225ml,,Not publicly available (not shown on product detail pages crawled),Not publicly available (not shown on product detail pages crawled),/sites/default/files/styles/item_sm/public/2024-06/Dates%20Ar%20-%20Eyad%20%281%29.png,/en/products/161,True
229,Flavored Laban Mango 180ml,Dairy (Milk and Cheese),Not extracted at detail-page level for full catalog (see sample detail extraction for products/284),,180ml,,Not publicly available (not shown on product detail pages crawled),Not publicly available (not shown on product detail pages crawled),/sites/default/files/styles/item_sm/public/2024-06/Mango%20Flavored%20180ml%20-%20Eyad.png,/en/products/229,False
232,Flavored Laban Strawberry 180ml,Dairy (Milk and Cheese),Not extracted at detail-page level for full catalog (see sample detail extraction for products/284),,180ml,,Not publicly available (not shown on product detail pages crawled),Not publicly available (not shown on product detail pages crawled),/sites/default/files/styles/item_sm/public/2024-06/Strawberry%20Flavored%20200ml%20-%20Eyad.png,/en/products/232,False
231,Flavored Laban Strawberry 340ml,Dairy (Milk and Cheese),Not extracted at detail-page level for full catalog (see sample detail extraction for products/284),,340ml,,Not publicly available (not shown on product detail pages crawled),Not publicly available (not shown on product detail pages crawled),/sites/default/files/styles/item_sm/public/2024-06/Strawberry%20Flavored%20340ml%20-%20Eyad.png,/en/products/231,False
482,Flavored Milk Toffee 125ML,Dairy (Milk and Cheese),Not extracted at detail-page level for full catalog (see sample detail extraction for products/284),,125ML,,Not publicly available (not shown on product detail pages crawled),Not publicly available (not shown on product detail pages crawled),/sites/default/files/styles/item_sm/public/2025-02/FLV%20Milk%20125ml_Toffee_Ar.png,/index.php/en/products/482,False
202,Fresh Chocolate Flavored Milk 200 ml,Dairy (Milk and Cheese),Not extracted at detail-page level for full catalog (see sample detail extraction for products/284),,,,Not publicly available (not shown on product detail pages crawled),Not publicly available (not shown on product detail pages crawled),/sites/default/files/styles/item_sm/public/2024-06/Chocolate%20200ml%20-%20Eyad_1.png,/index.php/en/products/202,False
152,Fresh Chocolate Flavored Milk 360 ml,Dairy (Milk and Cheese),Not extracted at detail-page level for full catalog (see sample detail extraction for products/284),,,,Not publicly available (not shown on product detail pages crawled),Not publicly available (not shown on product detail pages crawled),/sites/default/files/styles/item_sm/public/2024-06/Chocolate%20360ml%20-%20Eyad.png,/index.php/en/products/152,False
218,Fresh Cream Full Fat 100g,Dairy (Milk and Cheese),Not extracted at detail-page level for full catalog (see sample detail extraction for products/284),,100g,,Not publicly available (not shown on product detail pages crawled),Not publicly available (not shown on product detail pages crawled),/sites/default/files/styles/item_sm/public/2024-06/Fresh%20Cream%20100g%20FF%20-%20Eyad_0.png,/index.php/en/products/218,False
224,Fresh Laban Full Fat 180ml,Dairy (Milk and Cheese),Not extracted at detail-page level for full catalog (see sample detail extraction for products/284),,180ml,,Not publicly available (not shown on product detail pages crawled),Not publicly available (not shown on product detail pages crawled),/sites/default/files/styles/item_sm/public/2024-06/Laban%20180ml%20-%20FF%20-%20Eyad.png,/index.php/en/products/224,False
220,Fresh Laban Full Fat 2.85L,Dairy (Milk and Cheese),Not extracted at detail-page level for full catalog (see sample detail extraction for products/284),,2.85L,,Not publicly available (not shown on product detail pages crawled),Not publicly available (not shown on product detail pages crawled),/sites/default/files/styles/item_sm/public/2024-06/2.85%20litre%20laban.png,/index.php/en/products/220,False
223,Fresh Laban Full Fat 340ml,Dairy (Milk and Cheese),Not extracted at detail-page level for full catalog (see sample detail extraction for products/284),,340ml,,Not publicly available (not shown on product detail pages crawled),Not publicly available (not shown on product detail pages crawled),/sites/default/files/styles/item_sm/public/2024-06/Laban%20340ml%20-%20FF%20-%20%20Eyad.png,/index.php/en/products/223,False
226,Fresh Laban Low Fat 180ml,Dairy (Milk and Cheese),Not extracted at detail-page level for full catalog (see sample detail extraction for products/284),,180ml,,Not publicly available (not shown on product detail pages crawled),Not publicly available (not shown on product detail pages crawled),/sites/default/files/styles/item_sm/public/2024-06/Laban%20180ml%20-%20LF%20-%20Eyad.png,/index.php/en/products/226,False
225,Fresh Laban Low Fat 2.85L,Dairy (Milk and Cheese),Not extracted at detail-page level for full catalog (see sample detail extraction for products/284),,2.85L,,Not publicly available (not shown on product detail pages crawled),Not publicly available (not shown on product detail pages crawled),/sites/default/files/styles/item_sm/public/2024-06/2.85%20litre%20laban%20LowFat.png,/index.php/en/products/225,False
228,Fresh Laban Low Fat 800ml,Dairy (Milk and Cheese),Not extracted at detail-page level for full catalog (see sample detail extraction for products/284),,800ml,,Not publicly available (not shown on product detail pages crawled),Not publicly available (not shown on product detail pages crawled),/sites/default/files/styles/item_sm/public/2024-06/800ml%20Low%20Fat%20Arabic.png,/index.php/en/products/228,False
198,Fresh Mango Flavored Milk 200 ml,Dairy (Milk and Cheese),Not extracted at detail-page level for full catalog (see sample detail extraction for products/284),,,,Not publicly available (not shown on product detail pages crawled),Not publicly available (not shown on product detail pages crawled),/sites/default/files/styles/item_sm/public/2024-06/Mango%20200%20ml%20-%20Eyad_0.png,/index.php/en/products/198,False
58,Apple Juice 180ml,Juices,Not extracted at detail-page level for full catalog (see sample detail extraction for products/284),,180ml,,Not publicly available (not shown on product detail pages crawled),Not publicly available (not shown on product detail pages crawled),,/en/products/58,False
293,Guava with Mix Fruit Nectar 300ml,Juices,Not extracted at detail-page level for full catalog (see sample detail extraction for products/284),,300ml,,Not publicly available (not shown on product detail pages crawled),Not publicly available (not shown on product detail pages crawled),,/en/products/293,False
296,Kiwi Lime Mint with Mix Fruit Nectar 180ml,Juices,Not extracted at detail-page level for full catalog (see sample detail extraction for products/284),,180ml,,Not publicly available (not shown on product detail pages crawled),Not publicly available (not shown on product detail pages crawled),,/en/products/296,False
302,Mix Fruit Nectar 180ml,Juices,Not extracted at detail-page level for full catalog (see sample detail extraction for products/284),,180ml,,Not publicly available (not shown on product detail pages crawled),Not publicly available (not shown on product detail pages crawled),,/en/products/302,False
303,Mix Fruit Nectar 300ml,Juices,Not extracted at detail-page level for full catalog (see sample detail extraction for products/284),,300ml,,Not publicly available (not shown on product detail pages crawled),Not publicly available (not shown on product detail pages crawled),,/en/products/303,False
284,Pineapple with Mix Fruit Nectar 1.3L,Juices,"Pasteurized, Reconstituted pineapple with mix fruit nectar beverage",,1.3L,,Not publicly available (not shown on product detail pages crawled),Not publicly available (not shown on product detail pages crawled),/sites/default/files/styles/product_detail_style/public/2025-02/Pineapple1.3L-Eya.png,/en/products/284,False
60,Pineapple with Mix Fruit Nectar 180ml,Juices,Not extracted at detail-page level for full catalog (see sample detail extraction for products/284),,180ml,,Not publicly available (not shown on product detail pages crawled),Not publicly available (not shown on product detail pages crawled),,/en/products/60,False
310,Pomegranate with Mix Fruit Nectar 180ml,Juices,Not extracted at detail-page level for full catalog (see sample detail extraction for products/284),,180ml,,Not publicly available (not shown on product detail pages crawled),Not publicly available (not shown on product detail pages crawled),,/en/products/310,False
294,Guava with Mix Fruit Nectar 1.3L,Juices,Not extracted at detail-page level for full catalog (see sample detail extraction for products/284),,1.3L,,Not publicly available (not shown on product detail pages crawled),Not publicly available (not shown on product detail pages crawled),,/en/products/294,False
292,Guava with Mix Fruit Nectar 180ml,Juices,Not extracted at detail-page level for full catalog (see sample detail extraction for products/284),,180ml,,Not publicly available (not shown on product detail pages crawled),Not publicly available (not shown on product detail pages crawled),,/en/products/292,False
295,Kiwi Lime Mint with Mix Fruit Nectar 1.3L,Juices,Not extracted at detail-page level for full catalog (see sample detail extraction for products/284),,1.3L,,Not publicly available (not shown on product detail pages crawled),Not publicly available (not shown on product detail pages crawled),,/en/products/295,False
301,Mango with Mix Fruit Nectar 1.3L,Juices,Not extracted at detail-page level for full catalog (see sample detail extraction for products/284),,1.3L,,Not publicly available (not shown on product detail pages crawled),Not publicly available (not shown on product detail pages crawled),,/en/products/301,False
300,Mango with Mix Fruit Nectar 300ml,Juices,Not extracted at detail-page level for full catalog (see sample detail extraction for products/284),,300ml,,Not publicly available (not shown on product detail pages crawled),Not publicly available (not shown on product detail pages crawled),/sites/default/files/styles/item_sm/public/2025-02/Mango300ml-Eya.png,/en/products/300,False
309,Orange Carrot with Mix Fruit Nectar 1.3L,Juices,Not extracted at detail-page level for full catalog (see sample detail extraction for products/284),,1.3L,,Not publicly available (not shown on product detail pages crawled),Not publicly available (not shown on product detail pages crawled),/sites/default/files/styles/item_sm/public/2025-02/OrangeCarrot1.3L-Eya.png,/index.php/en/products/309,False
281,Orange Juice 1.3L,Juices,Not extracted at detail-page level for full catalog (see sample detail extraction for products/284),,1.3L,,Not publicly available (not shown on product detail pages crawled),Not publicly available (not shown on product detail pages crawled),/sites/default/files/styles/item_sm/public/2025-02/Orange1.3L-Eya.png,/index.php/en/products/281,False
282,Orange Juice 300ml,Juices,Not extracted at detail-page level for full catalog (see sample detail extraction for products/284),,300ml,,Not publicly available (not shown on product detail pages crawled),Not publicly available (not shown on product detail pages crawled),/sites/default/files/styles/item_sm/public/2025-02/Orange300ml-Eya.png,/index.php/en/products/282,False
288,Strawberry with Mix Fruit Nectar 1.3L,Juices,Not extracted at detail-page level for full catalog (see sample detail extraction for products/284),,1.3L,,Not publicly available (not shown on product detail pages crawled),Not publicly available (not shown on product detail pages crawled),/sites/default/files/styles/item_sm/public/2025-02/Strawberry1.3L-Eya.png,/index.php/en/products/288,False
286,Strawberry with Mix Fruit Nectar 300ml,Juices,Not extracted at detail-page level for full catalog (see sample detail extraction for products/284),,300ml,,Not publicly available (not shown on product detail pages crawled),Not publicly available (not shown on product detail pages crawled),/sites/default/files/styles/item_sm/public/2025-02/Strawberry300ml-Eya.png,/index.php/en/products/286,False
280,Apple Juice 1.3L,Juices,Not extracted at detail-page level for full catalog (see sample detail extraction for products/284),,1.3L,,Not publicly available (not shown on product detail pages crawled),Not publicly available (not shown on product detail pages crawled),/sites/default/files/styles/item_sm/public/2025-02/Apple1.3L-Eya.png,/index.php/en/products/280,False
279,Apple Juice 300ml,Juices,Not extracted at detail-page level for full catalog (see sample detail extraction for products/284),,300ml,,Not publicly available (not shown on product detail pages crawled),Not publicly available (not shown on product detail pages crawled),/sites/default/files/styles/item_sm/public/2025-02/Apple300ml-Eya.png,/en/products/279,False
289,Berry with Mix Fruit Nectar 1.3L,Juices,Not extracted at detail-page level for full catalog (see sample detail extraction for products/284),,1.3L,,Not publicly available (not shown on product detail pages crawled),Not publicly available (not shown on product detail pages crawled),/sites/default/files/styles/item_sm/public/2025-02/Berry1.3L-Eya.png,/index.php/en/products/289,False
291,Berry with Mix Fruit Nectar 180ml,Juices,Not extracted at detail-page level for full catalog (see sample detail extraction for products/284),,180ml,,Not publicly available (not shown on product detail pages crawled),Not publicly available (not shown on product detail pages crawled),/sites/default/files/styles/item_sm/public/2025-02/Berry180ml-Eya.png,/index.php/en/products/291,False
290,Berry with Mix Fruit Nectar 300ml,Juices,Not extracted at detail-page level for full catalog (see sample detail extraction for products/284),,300ml,,Not publicly available (not shown on product detail pages crawled),Not publicly available (not shown on product detail pages crawled),/sites/default/files/styles/item_sm/public/2025-02/BerryMix300ml-Eya.png,/index.php/en/products/290,False
298,Lemon Mint with Mix Fruit Nectar 1.3L,Juices,Not extracted at detail-page level for full catalog (see sample detail extraction for products/284),,1.3L,,Not publicly available (not shown on product detail pages crawled),Not publicly available (not shown on product detail pages crawled),/sites/default/files/styles/item_sm/public/2025-02/LemonMint1.3L-Eya.png,/en/products/298,False
297,Lemon Mint with Mix Fruit Nectar 180ml,Juices,Not extracted at detail-page level for full catalog (see sample detail extraction for products/284),,180ml,,Not publicly available (not shown on product detail pages crawled),Not publicly available (not shown on product detail pages crawled),/sites/default/files/styles/item_sm/public/2025-02/LemonMint180m.png,/en/products/297,False
299,Mango with Mix Fruit Nectar 180ml,Juices,Not extracted at detail-page level for full catalog (see sample detail extraction for products/284),,180ml,,Not publicly available (not shown on product detail pages crawled),Not publicly available (not shown on product detail pages crawled),/sites/default/files/styles/item_sm/public/2025-02/Mango180ml-Eya.png,/en/products/299,False
306,Mixed Fruit Nectar with 8 Vitamins 1.3L,Juices,Not extracted at detail-page level for full catalog (see sample detail extraction for products/284),,1.3L,,Not publicly available (not shown on product detail pages crawled),Not publicly available (not shown on product detail pages crawled),/sites/default/files/styles/item_sm/public/2025-02/MixFruitwith8Vitamins1.3L-Eya.png,/en/products/306,False
305,Mixed Fruit Nectar with 8 Vitamins 180ml,Juices,Not extracted at detail-page level for full catalog (see sample detail extraction for products/284),,180ml,,Not publicly available (not shown on product detail pages crawled),Not publicly available (not shown on product detail pages crawled),/sites/default/files/styles/item_sm/public/2025-02/MixedFruit8Vitamins180ml-Eya.png,/en/products/305,False
304,Nadec Mixed Fruit Nectar 1.3L,Juices,Not extracted at detail-page level for full catalog (see sample detail extraction for products/284),,1.3L,,Not publicly available (not shown on product detail pages crawled),Not publicly available (not shown on product detail pages crawled),/sites/default/files/styles/item_sm/public/2025-02/MixFruit1.3L-Eya.png,/en/products/304,False
307,Orange Carrot with Mix Fruit Nectar 180ml,Juices,Not extracted at detail-page level for full catalog (see sample detail extraction for products/284),,180ml,,Not publicly available (not shown on product detail pages crawled),Not publicly available (not shown on product detail pages crawled),/sites/default/files/styles/item_sm/public/2025-02/OrangeCarrot180ml-Eya.png,/en/products/307,False
308,Orange Carrot with Mix Fruit Nectar 300ml,Juices,Not extracted at detail-page level for full catalog (see sample detail extraction for products/284),,300ml,,Not publicly available (not shown on product detail pages crawled),Not publicly available (not shown on product detail pages crawled),/sites/default/files/styles/item_sm/public/2025-02/OrangeCarrot300ml-Eya.png,/en/products/308,False
283,Orange Juice 180ml,Juices,Not extracted at detail-page level for full catalog (see sample detail extraction for products/284),,180ml,,Not publicly available (not shown on product detail pages crawled),Not publicly available (not shown on product detail pages crawled),/sites/default/files/styles/item_sm/public/2025-02/Orange180ml-Eya.png,/en/products/283,False
59,Pomegranate with Mix Fruit Nectar 1.3L,Juices,Not extracted at detail-page level for full catalog (see sample detail extraction for products/284),,1.3L,,Not publicly available (not shown on product detail pages crawled),Not publicly available (not shown on product detail pages crawled),/sites/default/files/styles/item_sm/public/2025-02/Pomegranate1.3L-Eya.png,/en/products/59,False
483,Strawberry Mojito Juice 1.3L,Juices,Not extracted at detail-page level for full catalog (see sample detail extraction for products/284),,1.3L,,Not publicly available (not shown on product detail pages crawled),Not publicly available (not shown on product detail pages crawled),/sites/default/files/styles/item_sm/public/2025-02/Strawberry%20Mojito%201.3L.png,/index.php/en/products/483,False
484,Strawberry Mojito Juice 180ml,Juices,Not extracted at detail-page level for full catalog (see sample detail extraction for products/284),,180ml,,Not publicly available (not shown on product detail pages crawled),Not publicly available (not shown on product detail pages crawled),/sites/default/files/styles/item_sm/public/2025-02/Strawberry%20Mojito%20180%20ml%203.png,/index.php/en/products/484,False
287,Strawberry with Mix Fruit Nectar 180ml,Juices,Not extracted at detail-page level for full catalog (see sample detail extraction for products/284),,180ml,,Not publicly available (not shown on product detail pages crawled),Not publicly available (not shown on product detail pages crawled),/sites/default/files/styles/item_sm/public/2025-02/Strawberry180ml-Eya.png,/en/products/287,False
55,Back Meat,Red Meat (Protein),Not extracted at detail-page level for full catalog (see sample detail extraction for products/284),,,,Not publicly available (not shown on product detail pages crawled),Not publicly available (not shown on product detail pages crawled),/sites/default/files/styles/item_sm/public/2024-05/%D9%84%D8%AD%D9%85%20%D8%A7%D9%84%D8%B8%D9%87%D8%B1_1.png,/index.php/en/products/55,False
329,Full Thigh Meat,Red Meat (Protein),Not extracted at detail-page level for full catalog (see sample detail extraction for products/284),,,,Not publicly available (not shown on product detail pages crawled),Not publicly available (not shown on product detail pages crawled),/sites/default/files/styles/item_sm/public/2024-06/%D8%A7%D9%84%D9%81%D8%AE%D8%B0%20%D8%A7%D9%84%D9%83%D8%A7%D9%85%D9%84%D8%A9.png,/index.php/en/products/329,False
326,Local Naimi Sheep,Red Meat (Protein),Not extracted at detail-page level for full catalog (see sample detail extraction for products/284),,,,Not publicly available (not shown on product detail pages crawled),Not publicly available (not shown on product detail pages crawled),/sites/default/files/styles/item_sm/public/2024-06/%D9%86%D8%B9%D9%8A%D9%85%D9%8A%20%D9%85%D8%AD%D9%84%D9%8A.png,/en/products/326,False
328,Pakistani Sheep,Red Meat (Protein),Not extracted at detail-page level for full catalog (see sample detail extraction for products/284),,,,Not publicly available (not shown on product detail pages crawled),Not publicly available (not shown on product detail pages crawled),/sites/default/files/styles/item_sm/public/2024-06/%D8%A7%D9%84%D8%AE%D8%B1%D9%88%D9%81%20%D8%A7%D9%84%D8%A8%D8%A7%D9%83%D8%B3%D8%AA%D8%A7%D9%86%D9%8A.png,/index.php/en/products/328,False
340,Whole Sheep Thigh,Red Meat (Protein),Not extracted at detail-page level for full catalog (see sample detail extraction for products/284),,,,Not publicly available (not shown on product detail pages crawled),Not publicly available (not shown on product detail pages crawled),/sites/default/files/styles/item_sm/public/2024-06/%D9%81%D8%AE%D8%B0%20%D8%BA%D9%86%D9%85%20%D9%83%D8%A7%D9%85%D9%84.png,/index.php/en/products/340,False
327,Australian Sheep,Red Meat (Protein),Not extracted at detail-page level for full catalog (see sample detail extraction for products/284),,,,Not publicly available (not shown on product detail pages crawled),Not publicly available (not shown on product detail pages crawled),/sites/default/files/styles/item_sm/public/2024-06/%D8%A7%D9%84%D8%AE%D8%B1%D9%88%D9%81%20%D8%A7%D9%84%D8%A7%D8%B3%D8%AA%D8%B1%D8%A7%D9%84%D9%8A.png,/index.php/en/products/327,False
338,Beef Slices,Red Meat (Protein),Not extracted at detail-page level for full catalog (see sample detail extraction for products/284),,,,Not publicly available (not shown on product detail pages crawled),Not publicly available (not shown on product detail pages crawled),/sites/default/files/styles/item_sm/public/2024-06/%D8%B4%D8%B1%D8%A7%D8%A6%D8%AD%20%D9%84%D8%AD%D9%85%20%D8%A7%D9%84%D8%A8%D9%82%D8%B1.png,/index.php/en/products/338,False
334,Boneless Thigh,Red Meat (Protein),Not extracted at detail-page level for full catalog (see sample detail extraction for products/284),,,,Not publicly available (not shown on product detail pages crawled),Not publicly available (not shown on product detail pages crawled),/sites/default/files/styles/item_sm/public/2024-06/%D9%81%D8%AE%D8%B0%20%D8%A8%D8%AF%D9%88%D9%86%20%D8%B9%D8%B8%D9%85.png,/index.php/en/products/334,False
332,Brisket Meat,Red Meat (Protein),Not extracted at detail-page level for full catalog (see sample detail extraction for products/284),,,,Not publicly available (not shown on product detail pages crawled),Not publicly available (not shown on product detail pages crawled),/sites/default/files/styles/item_sm/public/2024-06/%D9%84%D8%AD%D9%85%20%D8%A7%D9%84%D8%A8%D8%B1%D9%8A%D8%B3%D9%83%D8%AA.png,/index.php/en/products/332,False
337,Cow's Cheek Meat,Red Meat (Protein),Not extracted at detail-page level for full catalog (see sample detail extraction for products/284),,,,Not publicly available (not shown on product detail pages crawled),Not publicly available (not shown on product detail pages crawled),/sites/default/files/styles/item_sm/public/2024-06/%D9%88%D8%AC%D9%87%20%D9%81%D8%AE%D8%B0%20%D8%A8%D9%82%D8%B1.png,/index.php/en/products/337,False
322,Cow's Meat,Red Meat (Protein),Not extracted at detail-page level for full catalog (see sample detail extraction for products/284),,,,Not publicly available (not shown on product detail pages crawled),Not publicly available (not shown on product detail pages crawled),/sites/default/files/styles/item_sm/public/2024-06/%D9%84%D8%AD%D9%85%20%D8%A8%D9%82%D8%B1.png,/en/products/322,False
335,Cow's Shoulder Meat (Chuck),Red Meat (Protein),Not extracted at detail-page level for full catalog (see sample detail extraction for products/284),,,,Not publicly available (not shown on product detail pages crawled),Not publicly available (not shown on product detail pages crawled),/sites/default/files/styles/item_sm/public/2024-06/%D9%84%D8%AD%D9%85%20%D8%A7%D9%84%D9%83%D8%AA%D9%81.png,/index.php/en/products/335,False
333,Cows Front Quarter,Red Meat (Protein),Not extracted at detail-page level for full catalog (see sample detail extraction for products/284),,,,Not publicly available (not shown on product detail pages crawled),Not publicly available (not shown on product detail pages crawled),/sites/default/files/styles/item_sm/public/2024-06/%D8%B1%D8%A8%D8%B9%20%D8%A8%D9%82%D8%B1%20%D8%A3%D9%85%D8%A7%D9%85%D9%8A.png,/index.php/en/products/333,False
342,Lamb Front Quarter,Red Meat (Protein),Not extracted at detail-page level for full catalog (see sample detail extraction for products/284),,,,Not publicly available (not shown on product detail pages crawled),Not publicly available (not shown on product detail pages crawled),/sites/default/files/styles/item_sm/public/2024-06/%D8%B1%D8%A8%D8%B9%20%D8%AE%D8%B1%D9%88%D9%81%20%D8%A3%D9%85%D8%A7%D9%85%D9%8A.png,/index.php/en/products/342,False
341,Lamb Shank,Red Meat (Protein),Not extracted at detail-page level for full catalog (see sample detail extraction for products/284),,,,Not publicly available (not shown on product detail pages crawled),Not publicly available (not shown on product detail pages crawled),/sites/default/files/styles/item_sm/public/2024-06/%D9%84%D8%AD%D9%85%20%D9%85%D9%88%D8%B2%D8%A7%D8%AA%20%D8%A7%D9%84%D8%BA%D9%86%D9%85.png,/en/products/341,False
324,Local Angus,Red Meat (Protein),Not extracted at detail-page level for full catalog (see sample detail extraction for products/284),,,,Not publicly available (not shown on product detail pages crawled),Not publicly available (not shown on product detail pages crawled),/sites/default/files/styles/item_sm/public/2024-06/%D8%A7%D9%86%D8%AC%D9%88%D8%B3%20%D9%85%D8%AD%D9%84%D9%8A.png,/en/products/324,False
330,Rib Eye Meat,Red Meat (Protein),Not extracted at detail-page level for full catalog (see sample detail extraction for products/284),,,,Not publicly available (not shown on product detail pages crawled),Not publicly available (not shown on product detail pages crawled),/sites/default/files/styles/item_sm/public/2024-06/%D8%B1%D9%8A%D8%A8%20%D8%A5%D9%8A.png,/en/products/330,False
339,Six Pieces of Lamb Meat,Red Meat (Protein),Not extracted at detail-page level for full catalog (see sample detail extraction for products/284),,,,Not publicly available (not shown on product detail pages crawled),Not publicly available (not shown on product detail pages crawled),/sites/default/files/styles/item_sm/public/2024-06/%D9%84%D8%AD%D9%85%20%D8%BA%D9%86%D9%85%20%D8%B3%D8%AA%20%D9%82%D8%B7%D8%B9.png,/en/products/339,False
331,Striploin Meat,Red Meat (Protein),Not extracted at detail-page level for full catalog (see sample detail extraction for products/284),,,,Not publicly available (not shown on product detail pages crawled),Not publicly available (not shown on product detail pages crawled),/sites/default/files/styles/item_sm/public/2024-06/%D9%84%D8%AD%D9%85%20%D8%B3%D8%AA%D8%B1%D9%8A%D8%A8%D9%84%D9%88%D9%8A%D9%86.png,/en/products/331,False
325,Swakni Sheep,Red Meat (Protein),Not extracted at detail-page level for full catalog (see sample detail extraction for products/284),,,,Not publicly available (not shown on product detail pages crawled),Not publicly available (not shown on product detail pages crawled),/sites/default/files/styles/item_sm/public/2024-06/%D8%AE%D8%B1%D9%88%D9%81%20%D8%B3%D9%88%D8%A7%D9%83%D9%86%D9%8A.png,/en/products/325,False
54,Tenderloin Steak,Red Meat (Protein),Not extracted at detail-page level for full catalog (see sample detail extraction for products/284),,,,Not publicly available (not shown on product detail pages crawled),Not publicly available (not shown on product detail pages crawled),/sites/default/files/styles/item_sm/public/2024-05/%D8%B3%D8%AA%D9%8A%D9%83%20%D8%AA%D9%86%D8%AF%D8%B1%D9%84%D9%88%D9%8A%D9%86_0.png,/en/products/54,False
323,Veal Meat,Red Meat (Protein),Not extracted at detail-page level for full catalog (see sample detail extraction for products/284),,,,Not publicly available (not shown on product detail pages crawled),Not publicly available (not shown on product detail pages crawled),/sites/default/files/styles/item_sm/public/2024-06/%D9%84%D8%AD%D9%85%20%D8%B9%D8%AC%D9%84.png,/index.php/en/products/323,False
406,Candy Crew Tomatoes,Food and Vegetables,Not extracted at detail-page level for full catalog (see sample detail extraction for products/284),,,,Not publicly available (not shown on product detail pages crawled),Not publicly available (not shown on product detail pages crawled),/styles/item_sm/public/2024-08/Candy%20Crew%202%20%281%29_0.png,/en/products/406,False
400,Candy Tomatoes,Food and Vegetables,Not extracted at detail-page level for full catalog (see sample detail extraction for products/284),,,,Not publicly available (not shown on product detail pages crawled),Not publicly available (not shown on product detail pages crawled),/styles/item_sm/public/2024-08/Candy%20Tomatoes%205%20%281%29.png,/en/products/400,False
402,Cherry on The Vine Tomatoes,Food and Vegetables,Not extracted at detail-page level for full catalog (see sample detail extraction for products/284),,,,Not publicly available (not shown on product detail pages crawled),Not publicly available (not shown on product detail pages crawled),/styles/item_sm/public/2024-08/Cherry%20On%20The%20Vine%204%20%281%29_0.png,/en/products/402,False
53,Olive Oil 1L,Food and Vegetables,Not extracted at detail-page level for full catalog (see sample detail extraction for products/284),,1L,,Not publicly available (not shown on product detail pages crawled),Not publicly available (not shown on product detail pages crawled),/styles/item_sm/public/2024-05/%D8%B2%D9%8A%D8%AA%20%D8%A7%D9%84%D8%B2%D9%8A%D8%AA%D9%88%D9%86%201L.png,/index.php/en/products/53,True
311,Olive Oil 250ml,Food and Vegetables,Not extracted at detail-page level for full catalog (see sample detail extraction for products/284),,250ml,,Not publicly available (not shown on product detail pages crawled),Not publicly available (not shown on product detail pages crawled),/styles/item_sm/public/2024-06/Saudi-OLIVE-OIL-BOTTLE-CLOSED%20copy.png,/en/products/311,True
313,Olive Oil 2L,Food and Vegetables,Not extracted at detail-page level for full catalog (see sample detail extraction for products/284),,2L,,Not publicly available (not shown on product detail pages crawled),Not publicly available (not shown on product detail pages crawled),/styles/item_sm/public/2024-06/%D8%B2%D9%8A%D8%AA%20%D8%B2%D9%8A%D8%AA%D9%88%D9%86%202%20%D9%84%D8%AA%D8%B1.png,/index.php/en/products/313,True
343,Olive Oil 4L,Food and Vegetables,Not extracted at detail-page level for full catalog (see sample detail extraction for products/284),,4L,,Not publicly available (not shown on product detail pages crawled),Not publicly available (not shown on product detail pages crawled),/styles/item_sm/public/2024-06/%D8%B2%D9%8A%D8%AA%20%D8%B2%D9%8A%D8%AA%D9%88%D9%86%204%20%D9%84%D8%AA%D8%B1.png,/index.php/en/products/343,True
312,Olive Oil 500ml,Food and Vegetables,Not extracted at detail-page level for full catalog (see sample detail extraction for products/284),,500ml,,Not publicly available (not shown on product detail pages crawled),Not publicly available (not shown on product detail pages crawled),/styles/item_sm/public/2024-06/Saudi-OLIVE-OIL-BOTTLE-CLOSED%20copy_0.png,/index.php/en/products/312,True
418,Plum Tomatoes,Food and Vegetables,Not extracted at detail-page level for full catalog (see sample detail extraction for products/284),,,,Not publicly available (not shown on product detail pages crawled),Not publicly available (not shown on product detail pages crawled),/styles/item_sm/public/2024-09/website%20tom%2015%20%281%29.png,/en/products/418,False
403,Strabena Tomatoes,Food and Vegetables,Not extracted at detail-page level for full catalog (see sample detail extraction for products/284),,,,Not publicly available (not shown on product detail pages crawled),Not publicly available (not shown on product detail pages crawled),/styles/item_sm/public/2024-08/Strabena%20%281%29.png,/en/products/403,False
417,Tomato on the Vine,Food and Vegetables,Not extracted at detail-page level for full catalog (see sample detail extraction for products/284),,,,Not publicly available (not shown on product detail pages crawled),Not publicly available (not shown on product detail pages crawled),/styles/item_sm/public/2024-09/website%20tom%203%20Large.PNG,/en/products/417,False
